date,Neg_Count,Pos_Count,favorites,Count
2016-01-26,72,72,500,11
2016-01-27,36,42,337,8
2016-01-28,33,42,608,3
2016-01-29,33,30,157,3
2016-02-01,24,23,276,6
2016-02-02,26,33,264,5
2016-02-03,32,46,433,4
2016-02-04,19,25,177,4
2016-02-05,39,47,501,3
2016-02-08,40,36,502,7
2016-02-09,49,52,757,9
2016-02-10,35,47,352,8
2016-02-11,61,57,259,10
2016-02-12,42,58,381,6
2016-02-16,54,48,687,3
2016-02-17,26,37,356,4
2016-02-18,42,53,313,6
2016-02-19,35,59,509,3
2016-02-22,28,32,198,8
2016-02-23,11,13,138,4
2016-02-24,20,35,637,5
2016-02-25,48,65,308,9
2016-02-26,27,31,536,8
2016-02-29,29,32,181,4
2016-03-01,24,40,336,6
2016-03-02,34,62,755,4
2016-03-03,89,83,451,13
2016-03-04,70,68,511,7
2016-03-07,48,49,380,8
2016-03-08,33,30,250,4
2016-03-09,46,52,589,6
2016-03-10,16,23,289,3
2016-03-11,15,23,218,1
2016-03-14,31,27,444,7
2016-03-15,34,49,355,7
2016-03-16,42,34,571,5
2016-03-17,55,77,1058,10
2016-03-18,54,54,387,8
2016-03-21,30,45,242,5
2016-03-22,57,77,498,9
2016-03-23,58,70,947,6
2016-03-24,70,50,474,6
2016-03-28,41,63,701,9
2016-03-29,42,97,655,8
2016-03-30,69,64,534,12
2016-03-31,80,72,618,13
2016-04-01,62,115,697,20
2016-04-04,41,64,728,8
2016-04-05,58,84,526,7
2016-04-06,46,67,505,5
2016-04-07,37,56,662,8
2016-04-08,38,57,629,4
2016-04-11,97,116,453,21
2016-04-12,69,108,860,8
2016-04-13,68,83,834,14
2016-04-14,43,51,440,7
2016-04-15,50,49,433,4
2016-04-18,59,90,657,10
2016-04-19,102,80,593,8
2016-04-20,83,90,521,9
2016-04-21,69,73,574,9
2016-04-22,43,54,549,5
2016-04-25,45,53,637,6
2016-04-26,56,83,1063,7
2016-04-27,37,52,487,6
2016-04-28,38,43,1031,11
2016-04-29,58,62,566,10
2016-05-02,23,43,825,4
2016-05-03,58,77,891,7
2016-05-04,17,43,473,4
2016-05-05,47,79,472,11
2016-05-06,49,65,772,6
2016-05-09,17,36,449,3
2016-05-10,34,57,406,5
2016-05-11,40,68,436,6
2016-05-12,40,50,1007,12
2016-05-13,57,75,446,7
2016-05-16,29,45,411,8
2016-05-17,55,78,1716,16
2016-05-18,55,47,420,11
2016-05-19,32,31,868,4
2016-05-20,33,51,713,4
2016-05-23,34,61,769,4
2016-05-24,65,56,487,11
2016-05-25,53,55,482,8
2016-05-26,41,73,401,6
2016-05-27,77,71,1087,9
2016-05-31,40,54,800,11
2016-06-01,32,62,910,7
2016-06-02,40,33,740,6
2016-06-03,13,15,540,1
2016-06-06,40,42,456,10
2016-06-07,57,135,654,9
2016-06-08,40,57,492,8
2016-06-09,96,96,469,13
2016-06-10,16,24,275,4
2016-06-13,34,60,297,5
2016-06-14,36,35,786,5
2016-06-15,22,33,402,5
2016-06-16,45,48,529,7
2016-06-17,65,69,481,5
2016-06-20,51,49,1325,8
2016-06-21,66,90,2709,16
2016-06-22,44,69,584,11
2016-06-23,29,35,812,3
2016-06-24,104,72,1805,9
2016-06-27,47,51,1293,11
2016-06-28,76,94,1624,18
2016-06-29,57,71,1524,13
2016-06-30,88,100,1040,14
2016-07-01,57,71,772,4
2016-07-05,33,34,481,10
2016-07-06,45,48,710,5
2016-07-07,67,103,780,13
2016-07-08,107,91,1140,14
2016-07-11,49,61,1035,6
2016-07-12,62,98,805,11
2016-07-13,43,55,773,9
2016-07-14,106,141,1480,15
2016-07-15,61,48,335,7
2016-07-18,77,84,2096,11
2016-07-19,56,127,967,10
2016-07-20,54,103,752,10
2016-07-21,53,78,1890,6
2016-07-22,49,91,766,8
2016-07-25,120,125,557,13
2016-07-26,57,66,570,10
2016-07-27,77,124,1149,11
2016-07-28,65,91,805,13
2016-07-29,45,65,814,6
2016-08-01,37,36,343,4
2016-08-02,77,103,1054,15
2016-08-03,57,51,1175,6
2016-08-04,38,49,903,3
2016-08-05,47,53,462,2
2016-08-08,37,54,458,4
2016-08-09,30,57,493,6
2016-08-10,54,72,663,7
2016-08-11,62,80,657,5
2016-08-12,50,67,847,7
2016-08-15,30,48,624,12
2016-08-16,47,123,906,10
2016-08-17,44,66,839,9
2016-08-18,41,59,552,11
2016-08-19,36,67,1173,6
2016-08-22,28,47,2477,6
2016-08-23,57,64,1280,7
2016-08-24,88,114,2017,22
2016-08-25,57,53,1097,5
2016-08-26,98,97,1259,12
2016-08-29,33,55,887,5
2016-08-30,82,82,812,12
2016-08-31,68,38,1233,2
2016-09-01,140,133,1102,18
2016-09-02,39,61,1757,6
2016-09-06,43,64,744,4
2016-09-07,57,53,1329,7
2016-09-08,55,64,885,8
2016-09-09,41,52,1535,15
2016-09-12,69,60,1863,11
2016-09-13,45,59,750,6
2016-09-14,82,77,798,11
2016-09-15,53,75,2020,16
2016-09-16,82,114,620,14
2016-09-19,27,31,730,1
2016-09-20,83,120,4170,13
2016-09-21,48,71,1460,11
2016-09-22,39,39,798,4
2016-09-23,40,53,1284,10
2016-09-26,33,43,989,7
2016-09-27,55,106,3680,20
2016-09-28,40,48,711,2
2016-09-29,34,40,727,6
2016-09-30,40,63,1407,6
2016-10-03,36,24,996,2
2016-10-04,32,77,1401,9
2016-10-05,48,45,1338,5
2016-10-06,78,83,1221,5
2016-10-07,45,80,673,12
2016-10-10,48,34,361,7
2016-10-11,46,27,386,6
2016-10-12,27,35,1149,3
2016-10-13,64,84,1497,9
2016-10-14,26,33,448,2
2016-10-18,25,21,420,5
2016-10-19,66,69,484,7
2016-10-20,93,74,792,9
2016-10-21,50,53,590,13
2016-10-24,67,82,898,5
2016-10-25,50,41,1451,7
2016-10-26,23,26,591,4
2016-10-27,56,60,902,7
2016-10-28,57,59,1345,11
2016-11-01,50,45,473,7
2016-11-02,41,51,1158,8
2016-11-03,65,82,655,13
2016-11-04,42,30,502,3
2016-11-07,28,33,744,1
2016-11-08,60,74,948,8
2016-11-09,49,68,3053,10
2016-11-10,92,70,704,5
2016-11-11,40,52,438,5
2016-11-14,27,45,1221,9
2016-11-15,80,104,5465,8
2016-11-16,63,80,1171,5
2016-11-17,85,107,2084,15
2016-11-18,52,83,1598,7
2016-11-21,26,23,1269,2
2016-11-22,40,61,621,13
2016-11-23,19,35,864,8
2016-11-25,11,16,535,5
2016-11-28,51,61,467,4
2016-11-29,28,38,546,10
2016-11-30,10,6,558,1
2016-12-01,68,60,826,13
2016-12-02,27,24,500,1
2016-12-05,44,44,1579,1
2016-12-06,55,71,1930,6
2016-12-16,114,95,746,12
2016-12-19,26,34,481,1
2016-12-20,19,30,588,1
2016-12-21,72,68,713,10
2016-12-22,62,59,385,9
2016-12-23,26,41,411,7
2016-12-27,23,27,181,4
2016-12-28,10,15,730,2
2016-12-29,26,21,1063,1
2016-12-30,15,25,477,3
2017-01-04,31,35,1465,2
2017-01-05,28,31,1268,3
2017-01-06,71,102,720,9
2017-01-09,104,120,551,18
2017-01-10,47,50,696,10
2017-01-11,87,93,3245,14
2017-01-12,48,76,2252,8
2017-01-13,134,124,671,22
2017-01-17,101,90,1018,13
2017-01-18,44,54,430,11
2017-01-19,121,126,1976,42
2017-01-20,12,21,459,3
2017-01-23,21,34,796,2
2017-01-24,24,31,406,1
2017-01-25,60,65,1669,11
2017-01-26,58,71,13436,9
2017-01-27,234,250,11001,32
2017-01-30,42,51,1350,5
2017-01-31,78,78,43414,10
2017-02-01,47,55,3016,5
2017-02-02,64,59,989,8
2017-02-03,39,49,1664,5
2017-02-06,35,41,1747,5
2017-02-07,52,104,3696,10
2017-02-08,81,151,1403,9
2017-02-09,69,62,885,5
2017-02-10,46,78,1272,2
2017-02-13,97,87,768,13
2017-02-14,40,54,675,8
2017-02-15,75,74,2361,3
2017-02-16,58,66,902,5
2017-02-17,57,65,990,5
2017-02-21,94,136,5923,17
2017-02-22,63,77,1096,3
2017-02-23,96,112,1376,16
2017-02-24,63,92,1029,9
2017-02-27,45,64,2049,12
2017-02-28,66,81,2852,9
2017-03-01,89,95,1474,19
2017-03-02,91,130,1638,13
2017-03-03,90,117,1746,9
2017-03-06,25,29,746,1
2017-03-07,127,127,1092,20
2017-03-08,68,61,905,6
2017-03-09,55,65,708,7
2017-03-10,58,71,814,5
2017-03-13,53,93,1054,17
2017-03-14,42,54,1746,6
2017-03-15,157,146,1354,21
2017-03-16,65,115,678,10
2017-03-17,36,61,597,3
2017-03-20,70,87,702,15
2017-03-21,182,130,849,41
2017-03-22,39,40,1121,6
2017-03-23,31,35,1849,5
2017-03-24,18,46,568,2
2017-03-27,21,30,1067,3
2017-03-28,135,152,1311,16
2017-03-29,48,60,1550,2
2017-03-30,58,68,1383,21
2017-04-03,43,38,750,5
2017-04-04,34,60,1898,5
2017-04-05,71,99,1588,6
2017-04-06,55,92,837,12
2017-04-07,62,57,1101,6
2017-04-10,44,31,517,3
2017-04-11,58,46,3570,5
2017-04-12,68,121,1125,12
2017-04-13,22,18,873,3
2017-04-17,15,30,696,4
2017-04-18,20,34,1398,3
2017-04-19,50,49,917,3
2017-04-20,40,42,2228,5
2017-04-21,21,23,518,1
2017-04-24,38,43,569,3
2017-04-25,29,56,610,13
2017-04-26,39,53,533,8
2017-04-27,33,50,1145,6
2017-04-28,24,27,650,4
2017-05-01,24,40,1052,4
2017-05-02,27,38,2458,5
2017-05-03,118,116,589,22
2017-05-04,53,53,2375,2
2017-05-05,20,32,955,2
2017-05-08,93,80,398,9
2017-05-09,82,90,1067,8
2017-05-10,84,99,1876,5
2017-05-11,32,67,399,6
2017-05-12,53,58,564,4
2017-05-15,19,42,734,1
2017-05-16,57,79,1041,5
2017-05-17,38,60,1488,4
2017-05-18,46,67,680,7
2017-05-19,107,101,1596,29
2017-05-22,37,41,653,4
2017-05-23,33,49,726,8
2017-05-24,22,34,972,3
2017-05-25,35,77,1283,2
2017-05-26,27,25,578,3
2017-05-31,43,38,1679,5
2017-06-01,24,56,617,3
2017-06-02,19,29,603,3
2017-06-05,38,50,826,3
2017-06-06,129,86,827,23
2017-06-07,37,42,553,2
2017-06-08,35,46,941,5
2017-06-09,90,83,2122,9
2017-06-12,26,63,595,2
2017-06-13,43,41,2718,7
2017-06-14,20,23,1043,8
2017-06-15,66,52,1287,5
2017-06-16,31,51,14026,4
2017-06-19,22,26,793,4
2017-06-20,35,56,3345,4
2017-06-21,44,57,1201,5
2017-06-22,58,84,1024,7
2017-06-23,66,53,988,6
2017-06-26,54,84,874,7
2017-06-27,33,51,1230,2
2017-06-28,43,46,1792,6
2017-06-29,62,48,3413,8
2017-06-30,43,54,1716,4
2017-07-03,10,16,1089,1
2017-07-05,34,35,750,5
2017-07-06,22,13,1318,3
2017-07-07,18,32,750,5
2017-07-10,39,46,669,8
2017-07-11,40,33,576,4
2017-07-12,24,42,1066,6
2017-07-13,72,101,2233,16
2017-07-14,50,90,737,10
2017-07-17,24,34,543,6
2017-07-18,48,49,2081,6
2017-07-20,40,54,1045,5
2017-07-21,63,87,584,6
2017-07-24,14,35,1044,5
2017-07-25,43,74,1914,8
2017-07-26,77,126,1173,10
2017-07-27,41,75,2158,8
2017-07-28,40,58,2745,5
2017-07-31,50,43,895,4
2017-08-01,29,40,949,4
2017-08-02,58,71,2059,7
2017-08-03,52,100,1699,5
2017-08-04,48,65,1046,5
2017-08-07,29,41,519,3
2017-08-08,50,55,1072,2
2017-08-09,39,41,739,6
2017-08-10,61,50,2200,3
2017-08-11,48,70,1026,13
2017-08-14,26,48,1147,6
2017-08-15,36,46,936,2
2017-08-16,32,59,796,4
2017-08-17,77,78,4360,4
2017-08-18,32,23,546,3
2017-08-21,8,24,592,1
2017-08-22,49,61,1559,4
2017-08-23,29,66,641,1
2017-08-24,46,45,708,11
2017-08-25,43,55,539,3
2017-08-28,13,11,643,3
2017-08-29,24,19,737,1
2017-08-30,29,35,572,3
2017-08-31,9,33,465,2
2017-09-01,13,36,761,4
2017-09-05,36,44,3767,5
2017-09-06,26,23,524,6
2017-09-07,22,24,975,1
2017-09-08,24,34,725,1
2017-09-11,15,35,1016,2
2017-09-12,32,34,725,2
2017-09-13,70,47,702,11
2017-09-14,70,81,881,21
2017-09-15,44,55,2122,9
2017-09-18,33,47,1001,3
2017-09-19,50,56,1260,5
2017-09-20,23,24,1162,6
2017-09-21,31,16,884,5
2017-09-22,58,99,607,4
2017-09-25,24,31,787,2
2017-09-26,45,36,1529,6
2017-09-27,113,119,1186,24
2017-09-28,80,101,2761,18
2017-09-29,20,35,774,4
2017-10-02,29,46,1261,6
2017-10-03,32,38,4502,2
2017-10-04,45,37,834,5
2017-10-05,34,40,924,5
2017-10-06,120,96,868,31
2017-10-09,22,34,836,8
2017-10-10,37,50,2488,6
2017-10-11,68,54,1972,3
2017-10-12,54,65,1858,5
2017-10-13,42,59,1199,4
2017-10-16,116,113,1380,32
2017-10-17,23,40,1084,4
2017-10-19,37,59,1164,3
2017-10-20,39,56,1782,2
2017-10-23,33,37,1010,5
2017-10-24,55,62,2110,4
2017-10-25,53,46,1398,7
2017-10-26,75,68,1699,5
2017-10-27,42,57,3347,6
2017-10-30,28,29,524,3
2017-10-31,28,57,1555,5
2017-11-01,37,63,4192,5
2017-11-02,106,108,2244,9
2017-11-03,46,66,898,10
2017-11-06,18,33,683,3
2017-11-07,32,54,965,4
2017-11-08,22,38,902,3
2017-11-09,39,49,877,8
2017-11-13,37,45,907,2
2017-11-14,27,33,1087,8
2017-11-15,49,39,1260,6
2017-11-16,37,40,1184,3
2017-11-17,30,43,1289,7
2017-11-20,43,52,1026,6
2017-11-21,16,29,1018,1
2017-11-22,44,67,1331,9
2017-11-24,17,19,404,3
2017-11-27,32,42,947,1
2017-11-29,33,49,2255,2
2017-11-30,33,31,1221,1
2017-12-01,40,36,1939,1
2017-12-04,57,61,1524,3
2017-12-05,38,47,2852,4
2017-12-06,18,21,442,6
2017-12-07,78,80,1209,5
2017-12-08,24,32,725,4
2017-12-12,38,44,1290,10
2017-12-13,54,41,351,3
2017-12-14,22,26,347,1
2017-12-19,18,31,1174,3
2017-12-20,21,42,2494,1
2017-12-21,29,65,10449,10
2017-12-22,29,44,1817,2
2017-12-26,12,36,1038,3
2017-12-27,10,23,473,2
2017-12-28,23,28,468,4
2017-12-29,29,29,1022,1
2018-01-02,24,53,1860,4
2018-01-03,37,54,987,4
2018-01-04,36,33,910,5
2018-01-05,34,64,666,7
2018-01-08,21,30,908,4
2018-01-09,48,35,700,3
2018-01-10,24,35,1124,5
2018-01-11,32,58,1170,3
2018-01-12,48,78,1040,7
2018-01-16,22,26,1310,2
2018-01-17,17,37,904,1
2018-01-19,21,10,930,3
2018-01-22,34,37,3468,10
2018-01-23,33,51,724,5
2018-01-24,48,80,1324,8
2018-01-25,28,35,1552,4
2018-01-26,44,65,1179,3
2018-01-29,39,48,3194,6
2018-01-30,41,64,3199,4
2018-01-31,57,99,2799,15
2018-02-01,62,88,3444,11
2018-02-02,73,60,5592,7
2018-02-05,129,115,14476,17
2018-02-06,190,193,5648,20
2018-02-07,57,81,2866,4
2018-02-08,153,97,6039,15
2018-02-09,100,87,4121,15
2018-02-12,31,32,3200,2
2018-02-13,48,66,1448,11
2018-02-14,36,61,2157,3
2018-02-15,53,76,2025,11
2018-02-16,41,47,1871,8
2018-02-20,24,25,1630,2
2018-02-21,18,24,3204,3
2018-02-22,33,51,1899,4
2018-02-23,55,50,1428,3
2018-02-26,36,64,6529,5
2018-02-27,66,71,1163,7
2018-02-28,26,46,1563,2
2018-03-01,49,61,2501,6
2018-03-02,95,75,2927,14
2018-03-05,59,73,2989,8
2018-03-06,45,53,1709,7
2018-03-07,47,47,2143,5
2018-03-08,45,81,1046,13
2018-03-09,82,83,2947,7
2018-03-12,67,69,5983,2
2018-03-13,29,29,1955,3
2018-03-14,48,62,1568,2
2018-03-15,58,53,5033,5
2018-03-16,62,52,1554,8
2018-03-19,22,12,2400,1
2018-03-20,50,49,2447,3
2018-03-21,82,72,3126,18
2018-03-22,88,68,2582,10
2018-03-23,86,74,3210,9
2018-03-26,34,49,1845,3
2018-03-27,68,70,3207,8
2018-03-28,51,60,3893,7
2018-03-29,87,91,9496,16
2018-04-02,78,56,2787,7
2018-04-03,79,95,3444,14
2018-04-04,69,96,2318,9
2018-04-05,86,85,1226,14
2018-04-06,93,98,3491,9
2018-04-09,64,74,6779,6
2018-04-10,86,91,3696,8
2018-04-11,69,79,2185,4
2018-04-12,125,127,1260,9
2018-04-13,53,44,906,6
2018-04-16,62,43,1290,4
2018-04-17,40,37,2614,4
2018-04-18,57,102,2249,3
2018-04-19,33,28,1116,4
2018-04-20,67,66,1396,4
2018-04-23,34,51,1641,4
2018-04-24,60,61,2215,8
2018-04-25,59,92,3033,10
2018-04-26,43,56,2450,4
2018-04-27,77,81,1660,6
2018-04-30,54,53,1630,5
2018-05-01,57,69,2522,5
2018-05-02,99,119,2727,10
2018-05-03,99,95,2156,10
2018-05-04,111,126,1776,12
2018-05-07,67,65,2437,14
2018-05-08,65,106,1387,12
2018-05-09,69,93,1757,3
2018-05-10,71,123,1505,14
2018-05-11,44,80,1750,6
2018-05-14,37,68,958,9
2018-05-15,69,87,1405,9
2018-05-16,67,86,1298,9
2018-05-17,33,65,1805,6
2018-05-18,70,96,1737,7
2018-05-21,55,65,2478,9
2018-05-22,74,97,5579,17
2018-05-23,70,107,839,9
2018-05-24,142,117,1582,11
2018-05-25,60,95,2186,11
2018-05-29,56,100,1052,10
2018-05-30,94,86,1299,13
2018-05-31,97,89,2446,10
2018-06-01,85,102,1587,9
2018-06-04,66,72,2294,11
2018-06-05,45,70,1038,6
2018-06-06,84,106,3963,7
2018-06-07,67,110,2195,6
2018-06-08,84,88,19939,10
2018-06-11,78,117,2079,7
2018-06-12,65,85,1753,7
2018-06-13,107,112,3778,12
2018-06-14,114,156,2481,15
2018-06-15,108,163,3080,15
2018-06-18,83,90,4243,13
2018-06-19,136,148,3380,18
2018-06-20,117,175,3453,18
2018-06-21,109,112,2974,19
2018-06-22,120,101,1657,9
2018-06-25,125,106,2466,14
2018-06-26,82,87,1486,12
2018-06-27,93,105,3309,12
2018-06-28,134,175,1693,16
2018-06-29,64,58,1611,4
2018-07-02,76,101,1903,9
2018-07-03,53,47,1807,6
2018-07-05,61,135,1859,5
2018-07-06,41,41,2964,8
2018-07-09,79,80,2090,11
2018-07-10,117,165,1253,24
2018-07-11,84,130,1988,14
2018-07-12,67,86,2086,6
2018-07-13,104,127,1450,8
2018-07-16,74,54,1635,2
2018-07-17,95,156,3591,14
2018-07-18,85,92,1540,3
2018-07-19,84,133,1657,11
2018-07-20,102,149,2773,19
2018-07-23,86,106,2026,10
2018-07-24,87,96,1741,9
2018-07-25,96,187,4459,13
2018-07-26,182,190,4651,19
2018-07-27,127,120,3930,13
2018-07-30,122,142,2887,26
2018-07-31,75,100,3106,7
2018-08-01,68,94,2329,11
2018-08-02,127,123,2149,16
2018-08-03,81,122,1333,10
2018-08-06,53,82,1808,11
2018-08-07,163,212,3195,18
2018-08-08,194,232,4139,24
2018-08-09,69,87,3885,14
2018-08-10,96,139,1094,21
2018-08-13,81,87,1408,8
2018-08-14,95,102,2926,18
2018-08-15,140,168,2637,17
2018-08-16,106,119,2653,13
2018-08-17,115,130,1889,24
2018-08-20,101,151,1248,16
2018-08-21,64,83,1051,4
2018-08-22,76,114,1434,14
2018-08-23,62,103,1560,11
2018-08-24,71,114,1654,4
2018-08-27,66,141,1947,9
2018-08-28,58,116,5621,8
2018-08-29,64,107,1602,7
2018-08-30,127,160,2578,16
2018-08-31,71,94,1730,11
2018-09-04,65,75,1732,4
2018-09-05,84,116,4649,16
2018-09-06,137,133,6823,24
2018-09-07,82,113,1626,20
2018-09-10,107,107,1739,11
2018-09-11,54,92,1914,12
2018-09-12,189,244,2684,25
2018-09-13,163,179,1299,14
2018-09-14,75,104,3249,10
2018-09-17,108,108,1530,14
2018-09-18,112,169,2223,10
2018-09-19,96,149,2163,5
2018-09-20,126,208,3034,22
2018-09-21,190,222,4905,26
2018-09-24,119,107,2211,9
2018-09-25,102,117,1967,16
2018-09-26,118,139,2984,11
2018-09-27,178,220,5061,26
2018-09-28,170,142,1751,19
2018-10-01,95,124,145,8
2018-10-02,87,97,153,13
2018-10-03,125,189,138,21
2018-10-04,111,145,128,15
2018-10-05,202,186,134,13
2018-10-08,79,132,100,21
2018-10-09,66,85,119,10
2018-10-10,167,151,176,8
2018-10-11,332,315,175,33
2018-10-12,63,80,116,7
2018-10-15,137,193,95,26
2018-10-16,115,155,107,13
2018-10-17,147,176,92,21
2018-10-18,98,104,81,9
2018-10-19,88,94,87,13
2018-10-22,108,98,85,7
2018-10-23,122,181,118,16
2018-10-24,168,265,190,40
2018-10-25,125,100,154,16
2018-10-26,105,108,101,12
2018-10-29,100,88,163,15
2018-10-30,121,151,105,11
2018-10-31,91,85,97,9
2018-11-01,38,61,91,2
2018-11-02,78,69,70,10
2018-11-05,51,97,55,3
2018-11-06,38,51,71,3
2018-11-07,40,94,97,10
2018-11-08,85,113,89,5
2018-11-09,158,138,80,11
2018-11-12,72,79,88,12
2018-11-13,107,93,91,13
2018-11-14,94,93,80,9
2018-11-15,75,74,96,10
2018-11-16,68,76,100,11
2018-11-19,59,38,84,4
2018-11-20,61,68,97,9
2018-11-21,72,68,66,5
2018-11-23,26,30,54,7
2018-11-26,74,126,55,12
2018-11-27,133,148,49,16
2018-11-28,58,52,80,11
2018-11-29,54,56,54,8
2018-11-30,82,76,58,12
2018-12-03,63,64,84,6
2018-12-04,85,93,73,11
2018-12-06,150,110,91,20
2018-12-07,80,78,82,15
2018-12-10,65,52,57,11
2018-12-11,85,98,81,9
2018-12-12,77,63,84,7
2018-12-13,107,96,78,9
2018-12-14,86,77,65,7
2018-12-17,103,76,56,22
2018-12-18,69,74,60,8
2018-12-19,98,70,80,11
2018-12-20,96,111,86,12
2018-12-21,88,67,83,8
2018-12-24,125,89,84,19
2018-12-26,65,52,81,11
2018-12-27,93,76,82,9
2018-12-28,59,72,73,9
2018-12-31,58,53,53,10
2019-01-02,298,294,80,45
2019-01-03,157,89,97,12
2019-01-04,86,82,92,9
2019-01-08,74,106,65,5
2019-01-09,98,88,70,9
2019-01-10,79,85,72,8
2019-01-11,54,49,58,9
2019-01-14,80,46,47,9
2019-01-15,76,66,76,13
2019-01-16,99,88,72,9
2019-01-17,98,85,93,11
2019-01-18,213,211,94,20
2019-01-22,83,87,62,11
2019-01-23,99,101,58,7
2019-01-24,117,133,77,13
2019-01-25,106,76,64,8
2019-01-28,95,57,74,9
2019-01-29,111,64,102,9
2019-01-30,85,92,76,7
2019-01-31,80,120,121,20
2019-02-01,78,127,61,8
2019-02-04,75,99,68,16
2019-02-05,93,143,93,20
2019-02-06,118,163,126,18
2019-02-07,114,155,60,15
2019-02-08,131,111,74,10
2019-02-11,112,158,65,19
2019-02-12,86,113,65,9
2019-02-13,89,116,73,12
2019-02-14,88,99,79,24
2019-02-15,126,119,58,14
2019-02-19,150,124,1358,12
2019-02-20,125,131,656,11
2019-02-21,68,66,3353,4
2019-02-22,94,101,1960,9
2019-02-25,72,74,1096,8
2019-02-26,70,68,6074,7
2019-02-27,92,92,806,8
2019-02-28,66,59,792,9
2019-03-01,42,49,1185,9
2019-03-04,76,127,821,20
2019-03-05,42,75,767,21
2019-03-06,58,65,1086,12
2019-03-07,74,61,369,11
2019-03-08,78,86,913,14
2019-03-11,74,48,1055,7
2019-03-12,102,82,1155,4
2019-03-13,106,70,1737,12
2019-03-14,70,62,530,11
2019-03-15,91,76,548,6
2019-03-18,104,95,3139,13
2019-03-19,108,133,2583,15
2019-03-20,37,39,3200,2
2019-03-21,101,113,1043,8
2019-03-22,97,88,1069,12
2019-03-25,48,72,1047,15
2019-03-26,79,64,4756,13
2019-03-27,54,72,909,12
2019-03-28,47,43,472,4
2019-03-29,61,67,535,12
2019-04-01,68,135,48063,13
2019-04-02,43,56,697,9
2019-04-03,75,94,469,10
2019-04-04,57,71,2104,6
2019-04-05,25,45,459,4
2019-04-08,86,129,2515,16
2019-04-09,51,44,535,7
2019-04-10,80,89,955,13
2019-04-11,70,92,901,16
2019-04-12,76,104,820,4
2019-04-15,195,268,2600,21
2019-04-16,99,138,1022,18
2019-04-17,117,175,579,17
2019-04-18,76,77,422,17
2019-04-22,131,157,1190,16
2019-04-23,93,139,1077,15
2019-04-24,75,138,999,8
2019-04-25,119,128,1255,16
2019-04-26,63,94,408,12
2019-04-29,158,216,1836,13
2019-04-30,61,78,1210,18
2019-05-01,76,78,1316,6
2019-05-02,89,107,1317,9
2019-05-03,76,83,1966,8
2019-05-06,129,180,960,23
2019-05-07,107,94,922,15
2019-05-08,81,111,646,14
2019-05-09,93,121,947,10
2019-05-10,71,87,946,11
2019-05-13,64,47,633,6
2019-05-14,92,116,424,21
2019-05-15,156,135,1759,23
2019-05-16,66,90,1229,11
2019-05-17,92,94,2881,15
2019-05-20,52,44,601,5
2019-05-21,110,77,5582,14
2019-05-22,113,133,6887,10
2019-05-23,121,114,2920,16
2019-05-24,132,132,11066,21
2019-05-28,49,67,4911,9
2019-05-29,154,130,6795,19
2019-05-30,80,79,9027,15
2019-05-31,154,142,6157,30
2019-06-03,119,112,909,19
2019-06-04,92,87,858,8
2019-06-05,86,113,5030,13
2019-06-06,106,131,2984,9
2019-06-07,54,118,9201,15
2019-06-10,82,93,11214,10
2019-06-11,79,98,2992,5
2019-06-12,98,126,1365,18
2019-06-13,38,63,1153,13
2019-06-14,78,90,758,24
2019-06-17,62,64,1675,12
2019-06-18,62,76,5818,14
2019-06-19,82,121,5064,11
2019-06-20,146,190,2390,18
2019-06-21,115,84,3068,8
2019-06-24,68,76,2190,13
2019-06-25,58,79,8244,7
2019-06-26,73,70,4893,3
2019-06-27,72,84,2787,6
2019-06-28,82,83,2725,3
2019-07-01,152,171,15976,24
2019-07-02,55,65,2270,7
2019-07-03,78,105,14288,12
2019-07-05,64,65,6495,10
2019-07-08,119,66,4418,17
2019-07-09,81,103,11326,13
2019-07-10,100,111,1963,23
2019-07-11,71,89,4090,17
2019-07-12,83,69,880,13
2019-07-15,50,55,6347,12
2019-07-16,101,130,7639,19
2019-07-17,134,149,6762,13
2019-07-18,103,130,2079,14
2019-07-19,89,103,5355,14
2019-07-22,79,116,1874,7
2019-07-23,100,120,3468,16
2019-07-24,118,140,8357,20
2019-07-25,140,163,2339,30
2019-07-26,103,111,2249,13
2019-07-29,67,101,1068,14
2019-07-30,80,74,2644,17
2019-07-31,131,116,4067,15
2019-08-01,125,142,6705,24
2019-08-02,117,129,3340,29
2019-08-05,114,95,8565,10
2019-08-06,175,172,5078,18
2019-08-07,156,138,9423,14
2019-08-08,158,166,6009,11
2019-08-09,155,152,1957,25
2019-08-12,110,97,8299,14
2019-08-13,156,166,14922,20
2019-08-14,433,445,17206,77
2019-08-15,265,214,6566,63
2019-08-16,256,210,13729,42
2019-08-19,127,148,2963,21
2019-08-20,150,192,7623,17
2019-08-21,168,158,6265,18
2019-08-22,137,185,3923,31
2019-08-23,229,218,11420,41
2019-08-26,138,155,3958,22
2019-08-27,154,176,1950,14
2019-08-28,146,167,6441,22
2019-08-29,192,218,4643,20
2019-08-30,152,168,2266,10
2019-09-03,98,104,4129,9
2019-09-04,87,134,4137,16
2019-09-05,118,137,3120,15
2019-09-06,116,132,5263,22
2019-09-09,157,166,3945,41
2019-09-10,163,151,2016,27
2019-09-11,158,164,10825,14
2019-09-12,188,182,5336,14
2019-09-13,186,142,1358,27
2019-09-16,161,204,2354,15
2019-09-17,164,203,5432,22
2019-09-18,138,102,1751,20
2019-09-19,119,119,1145,10
2019-09-20,176,192,7173,23
2019-09-23,144,109,7823,19
2019-09-24,128,114,5141,13
2019-09-25,155,171,2876,26
2019-09-26,198,217,5677,21
2019-09-27,129,145,4203,4
2019-09-30,108,78,2301,13
2019-10-01,119,123,4220,11
2019-10-02,180,156,7328,22
2019-10-03,173,175,3626,15
2019-10-04,103,83,1121,13
2019-10-07,104,77,2943,13
2019-10-08,173,145,2800,36
2019-10-09,130,131,6927,11
2019-10-10,155,147,4276,19
2019-10-11,107,96,3088,14
2019-10-14,67,53,1799,12
2019-10-15,98,125,5178,16
2019-10-16,171,167,2625,21
2019-10-17,217,272,2690,24
2019-10-18,104,173,2066,17
2019-10-21,108,106,2283,15
2019-10-22,205,244,2828,15
2019-10-23,233,289,8477,28
2019-10-24,242,306,5779,19
2019-10-25,180,210,7791,15
2019-10-28,158,158,2075,7
2019-10-29,187,225,12124,17
2019-10-30,238,298,6171,17
2019-10-31,229,267,7671,20
2019-11-01,339,429,5293,18
2019-11-04,187,188,6529,24
2019-11-05,357,308,23999,40
2019-11-06,228,196,26969,25
2019-11-07,182,161,3546,23
2019-11-08,46,81,84,16
2019-11-11,96,123,103,22
2019-11-12,154,164,123,12
2019-11-13,116,153,109,17
2019-11-14,158,142,141,27
2019-11-15,165,212,131,31
2019-11-18,103,136,88,20
2019-11-19,130,184,374,16
2019-11-20,135,199,195,17
2019-11-21,167,154,128,19
2019-11-22,106,127,151,17
2019-11-25,84,128,95,12
2019-11-26,133,159,113,26
2019-11-27,142,157,130,24
2019-11-29,57,111,68,19
2019-12-02,141,129,118,13
2019-12-03,128,121,120,20
2019-12-04,139,150,125,19
2019-12-05,189,240,128,25
2019-12-06,277,334,106,47
2019-12-09,78,83,93,12
2019-12-10,162,148,128,24
2019-12-11,110,138,103,17
2019-12-12,108,131,103,12
2019-12-13,99,101,130,19
2019-12-16,152,197,105,24
2019-12-17,138,164,108,18
2019-12-18,115,155,100,12
2019-12-19,113,145,126,27
2019-12-20,129,121,91,18
2019-12-23,125,148,86,8
2019-12-24,55,82,76,11
2019-12-26,80,138,93,16
2019-12-27,58,84,80,9
2019-12-30,78,89,81,12
2019-12-31,136,149,119,72
2020-01-02,134,153,1670,28
2020-01-03,191,205,15372,20
2020-01-06,117,156,113,17
2020-01-07,124,172,126,22
2020-01-08,223,210,210,29
2020-01-09,252,253,178,20
2020-01-10,171,222,139,23
2020-01-13,144,188,172,23
2020-01-14,236,362,215,32
2020-01-15,189,214,180,21
2020-01-16,220,305,200,41
2020-01-17,240,278,194,27
2020-01-21,199,228,173,41
2020-01-22,225,273,225,38
2020-01-23,208,250,191,31
2020-01-24,282,370,257,43
2020-01-27,374,348,239,43
2020-01-28,255,285,668,42
2020-01-29,298,324,361,55
2020-01-30,236,296,569,37
2020-01-31,296,333,244,55
2020-02-03,351,361,259,43
2020-02-04,443,516,520,60
2020-02-05,232,329,264,40
2020-02-06,233,337,244,42
2020-02-07,252,352,255,49
2020-02-10,210,377,364,38
2020-02-11,366,498,354,76
2020-02-12,337,453,347,50
2020-02-13,381,423,299,65
2020-02-14,339,477,332,49
2020-02-18,487,501,296,67
2020-02-19,328,478,340,60
2020-02-20,398,529,1469,61
2020-02-21,495,728,384,87
2020-02-24,484,466,319,85
2020-02-25,484,464,317,87
2020-02-26,499,483,359,76
2020-02-27,765,691,553,83
2020-02-28,882,806,565,142
2020-03-02,601,470,445,98
2020-03-03,771,622,395,153
2020-03-04,525,537,323,64
2020-03-05,469,432,312,61
2020-03-06,652,542,317,90
2020-03-09,761,633,520,110
2020-03-10,638,517,383,92
2020-03-11,686,518,1012,96
2020-03-12,1226,838,770,162
2020-03-13,1090,854,699,175
2020-03-16,1323,1052,2670,239
2020-03-17,863,758,2415,133
2020-03-18,1209,983,2831,191
2020-03-19,941,846,2146,138
2020-03-20,1181,981,739,171
2020-03-23,965,741,496,154
2020-03-24,863,774,495,149
2020-03-25,774,688,512,151
2020-03-26,788,659,2967,119
2020-03-27,857,671,1380,146
2020-03-30,740,679,691,151
2020-03-31,767,577,4876,99
2020-04-01,604,482,1323,91
2020-04-02,773,529,266,98
2020-04-03,821,554,1285,120
2020-04-06,610,501,2037,92
2020-04-07,652,570,560,95
2020-04-08,526,425,2932,76
2020-04-09,1091,911,3097,217
2020-04-13,459,401,24843,93
2020-04-14,748,650,34018,132
2020-04-15,487,489,14146,73
2020-04-16,526,506,32806,93
2020-04-17,757,678,8740,119
2020-04-20,615,719,596,144
2020-04-21,793,728,1376,114
2020-04-22,536,503,1123,77
2020-04-23,779,710,434,106
2020-04-24,621,657,355,92
2020-04-27,527,582,807,90
2020-04-28,543,532,472,77
2020-04-29,631,618,386,96
2020-04-30,480,472,314,70
2020-05-01,621,608,352,97
2020-05-04,450,446,229,61
2020-05-05,326,434,844,47
2020-05-06,555,562,334,104
2020-05-07,622,826,883,110
2020-05-08,634,661,342,134
2020-05-11,496,547,511,71
2020-05-12,454,692,345,81
2020-05-13,456,522,277,86
2020-05-14,353,531,477,95
2020-05-15,384,444,425,64
2020-05-18,885,1119,304,156
2020-05-19,467,604,569,91
2020-05-20,544,604,274,82
2020-05-21,477,695,531,89
2020-05-22,277,303,375,35
2020-05-26,434,607,259,77
2020-05-27,516,684,293,92
2020-05-28,366,439,299,79
2020-05-29,241,239,418,47
2020-06-01,398,535,734,69
2020-06-02,376,469,571,55
2020-06-03,176,276,483,35
2020-06-04,60,83,215,6
2020-06-05,101,139,268,19
2020-06-08,167,227,3882,41
2020-06-09,50,58,4762,9
2020-06-10,114,131,4473,23
2020-06-11,494,547,12300,116
2020-06-12,325,303,11686,52
2020-06-15,559,550,1498,100
2020-06-16,514,488,1387,101
2020-06-17,442,494,1943,63
2020-06-18,500,529,460,77
2020-06-19,515,573,669,89
2020-06-22,259,299,1015,60
2020-06-23,283,328,754,48
2020-06-24,484,388,1666,96
2020-06-25,384,405,213,64
2020-06-26,361,371,726,53
2020-06-29,196,275,791,59
2020-06-30,373,385,616,50
2020-07-01,370,428,218,49
2020-07-02,424,591,210,69
2020-07-06,276,373,1340,58
2020-07-07,391,514,241,78
2020-07-08,374,417,709,65
2020-07-09,382,473,665,70
2020-07-10,451,561,263,67
2020-07-13,479,587,272,110
2020-07-14,331,404,4459,49
2020-07-15,230,327,4511,84
2020-07-16,416,553,254,59
2020-07-17,372,492,202,58
2020-07-20,301,440,8107,47
2020-07-21,336,547,9291,57
2020-07-22,211,224,5838,32
2020-07-23,258,359,5750,52
2020-07-24,286,301,3003,35
2020-07-27,378,489,200,67
2020-07-28,464,509,252,71
2020-07-29,500,498,240,71
2020-07-30,437,463,274,64
2020-07-31,355,513,252,54
2020-08-03,448,834,238,97
2020-08-04,494,755,309,80
2020-08-05,489,749,300,85
2020-08-06,491,745,312,75
2020-08-07,426,640,281,58
2020-08-10,429,642,239,65
2020-08-11,377,476,259,60
2020-08-12,445,581,274,71
2020-08-13,405,616,261,59
2020-08-14,562,704,278,79
2020-08-17,412,677,216,67
2020-08-18,284,462,224,54
2020-08-19,358,523,235,58
2020-08-20,381,475,254,75
2020-08-21,394,463,259,53
2020-08-24,311,447,257,46
2020-08-25,307,416,233,55
2020-08-26,438,693,310,89
2020-08-27,492,688,341,111
2020-08-28,312,518,265,76
2020-08-31,563,861,325,111
2020-09-01,431,713,563,87
2020-09-02,571,658,371,80
2020-09-03,683,764,450,126
2020-09-04,773,882,455,107
2020-09-08,425,529,283,87
2020-09-09,448,495,306,54
2020-09-10,482,522,284,82
2020-09-11,494,540,248,75
2020-09-14,187,243,812,24
2020-09-15,479,528,264,80
2020-09-16,561,750,319,82
2020-09-17,517,661,267,84
2020-09-18,312,360,842,51
2020-09-21,520,468,275,79
2020-09-22,227,331,185,51
2020-09-23,619,691,350,92
2020-09-24,424,469,248,71
2020-09-25,278,250,128,57
2020-09-28,247,385,155,35
2020-09-29,332,392,208,80
2020-09-30,239,391,177,46
2020-10-01,308,392,507,65
2020-10-02,271,364,204,57
2020-10-05,320,420,153,55
2020-10-06,294,410,216,56
2020-10-07,320,419,208,47
2020-10-08,310,434,235,56
2020-10-09,338,494,233,60
2020-10-12,314,443,209,64
2020-10-13,282,433,234,74
2020-10-14,419,529,247,73
2020-10-15,417,562,284,55
2020-10-16,364,524,251,59
2020-10-19,155,204,108,40
2020-10-20,532,454,232,54
2020-10-21,502,634,324,83
2020-10-22,307,524,273,54
2020-10-23,228,449,227,51
2020-10-26,228,336,202,41
2020-10-27,297,372,230,54
2020-10-28,370,456,282,46
2020-10-29,327,403,259,51
2020-10-30,324,322,215,46
2020-11-02,196,269,155,41
2020-11-03,256,318,172,46
2020-11-04,226,243,190,40
2020-11-05,9,14,12,3
2020-11-06,95,70,57,12
2020-11-09,276,398,376,53
2020-11-10,205,308,275,41
2020-11-11,187,238,207,33
2020-11-12,301,390,279,48
2020-11-13,316,436,532,52
2020-11-16,196,341,16019,31
2020-11-17,226,290,5330,39
2020-11-18,357,496,3540,64
2020-11-19,365,504,1250,67
2020-11-20,297,530,406,73
2020-11-23,343,725,462,75
2020-11-24,524,923,646,92
2020-11-25,715,1351,1090,145
2020-11-27,822,1278,1580,177
2020-11-30,933,1428,986,172
2020-12-01,879,1240,798,143
2020-12-02,801,1181,650,175
2020-12-03,385,500,282,67
2020-12-04,357,666,545,66
2020-12-07,513,806,306,84
2020-12-08,495,897,333,134
2020-12-09,576,779,334,97
2020-12-10,521,819,310,87
2020-12-11,708,1135,252,100
2020-12-14,435,712,173,76
2020-12-15,294,574,163,63
2020-12-16,527,778,247,107
2020-12-17,280,431,885,44
2020-12-18,186,304,2765,59
2020-12-21,362,645,187,70
2020-12-22,465,696,202,67
2020-12-23,536,793,224,86
2020-12-24,576,718,321,85
2020-12-28,432,681,201,83
2020-12-29,495,778,271,78
2020-12-30,351,660,168,68
2020-12-31,530,791,207,118
2021-01-04,355,684,144,83
2021-01-05,468,860,144,100
2021-01-06,302,425,280,52
2021-01-07,328,567,373,57
2021-01-08,424,644,365,69
2021-01-11,390,641,816,69
2021-01-12,318,616,564,67
2021-01-13,695,1078,2090,105
2021-01-14,732,1175,2319,125
2021-01-15,725,1325,2631,146
2021-01-19,701,1066,1798,124
2021-01-20,718,1085,1781,118
2021-01-21,822,1297,1188,154
2021-01-22,1743,2524,1556,326
2021-01-25,2959,4338,3879,523
2021-01-26,2794,3335,2106,480
2021-01-27,5737,6770,145439,1037
2021-01-28,16641,13053,222363,2711
2021-01-29,4253,3727,1951,678
2021-02-01,1880,1933,947723,338
2021-02-02,3893,3505,1043095,556
2021-02-03,1544,1795,476223,276
2021-02-04,4073,3846,439712,698
